Prompt,Model,Parameter,Token Output ,Energy Consumption,Example 2
"Design a 10-year global macro-economic simulation that integrates climate-risk scenarios, demographic shifts, and AI-driven productivity, then output policy recommendations for both developed and emerging economies.”",ChatGPT o1,200 Billion,3479,4.127,Charge a phone up to 40% battery
"“Draft a full-stack architectural blueprint for a decentralized healthcare data exchange that satisfies HIPAA/GDPR, uses homomorphic encryption for queries, and includes a venture-scale business plan.",ChatGPT o1,200 Billion,3580,3.732,Streaming a 20-min sitcom
"“Generate a graduate-level curriculum (syllabi, readings, labs) for teaching quantum-error-corrected algorithms to computer-science majors coming from classical backgrounds.”",ChatGPT 4o,1.76 Trillion,1700,3.025,Making a large latte with an espresso machine
"“Given gene-expression data (CSV), identify novel biomarkers for early Alzheimer’s using unsupervised learning and propose a follow-up wet-lab protocol.”",ChatGPT 4o,1.76 Trillion,2160,2.737,Light LED lightblub for 16 mins
“Write a 5-chapter interactive fiction game in Twine where player choices are influenced by a dynamic moral-alignment engine; include JSON state diagrams.”,Claud 3.5 Sonnet,175 Billion,2014,2.332,Boiling half a liter of water in a 2 kW kettle
"“Plan a two-week cultural-immersion itinerary through lesser-known regions of Japan, optimizing for public transport, seasonal festivals, and vegan dining options.”",Llama 3.2,90 Billion,1720,1.913,Running a Wi-Fi router for an hour
“Explain why Gödel’s incompleteness theorems matter to modern software verification in terms a senior product manager can pitch to executives.”,ChatGPT 4o,1.76 Trillion,1520,1.515,Charging wireless earbuds case twice
“Create a personalized 12-week marathon training schedule for a 42-year-old with mild asthma and a history of IT-band issues.”,Llama 3.2,90 Billion,2020,1.192,One cycle of an electric toothbrush
“Compose a sonnet that hides the digits of π in an acrostic down the left margin.”,ChatGPT 4o,1.76 Trillion,1120,0.752,A smart-light hub overnight standby
“Recommend one great mystery novel for a rainy weekend.”,Llama 3.2,90 Billion,800,0.384,Light a LED light blubl for 2.5 mins